Flare Class,TOTUSJH,TOTBSQ,TOTPOT,TOTUSJZ,ABSNJZH,SAVNCPP,USFLUX,AREA_ACR,TOTFZ,MEANPOT,R_VALUE,EPSZ,SHRGT45
X,3249.07,41815000000,8.59611e+23,62133000000000,700.682,14899500000000,2.73502e+22,1103.97,-552.89,14038.0,4.82,-0.0251,59.489
X,3176.31,47782000000,9.66251e+23,69314200000000,157.759,9905710000000,3.17696e+22,1400.93,-869.7,13463.6,4.825,-0.0345,55.222
X,1892.92,26673000000,3.7176e+23,42117300000000,171.952,6528880000000,1.89001e+22,1370.85,-231.29,7496.19,4.438,-0.0164,42.934
X,1868.82,24509000000,3.48314e+23,36289300000000,429.602,21180700000000,1.73257e+22,1198.6,-317.56,8669.42,4.319,-0.0246,35.944
X,5271.77,102290000000,1.92023e+24,86898000000000,1066.25,16117800000000,6.44039e+22,1939.06,-6162.1,16094.8,4.912,-0.1143,41.102
X,3866.88,70512000000,1.14346e+24,65260000000000,1391.38,49266300000000,4.78428e+22,1414.52,-5714.5,13415.5,4.909,-0.1537,40.522
X,5904.31,87381000000,1.67573e+24,101205000000000,2314.31,79541700000000,5.73691e+22,2018.58,-3081.2,15320.6,5.212,-0.0669,51.021
X,7702.74,142900000000,2.44108e+24,167971000000000,1442.81,67581800000000,9.47142e+22,4536.81,-3694.1,10926.2,5.036,-0.049,46.161
X,1854.69,31449000000,3.1167e+23,31191900000000,734.486,26729600000000,2.86207e+22,685.994,-6350.1,5782.52,4.405,-0.383,19.024
X,3797.71,82041000000,1.27104e+24,78600900000000,793.983,43241700000000,6.83588e+22,1991.73,-10208.0,8901.63,4.371,-0.236,28.139
X,5731.51,93206000000,1.47334e+24,106304000000000,1209.82,42993900000000,7.5281e+22,2335.35,-10458.0,10024.8,5.0,-0.2128,32.819
X,4112.32,59235000000,1.05158e+24,88819200000000,333.588,2159870000000,4.43667e+22,2305.81,-2066.6,9711.59,4.734,-0.0662,48.785
X,3373.21,49245000000,7.96986e+23,77797300000000,554.928,15832700000000,3.94222e+22,2166.65,-2770.8,8327.02,4.662,-0.1067,42.175
X,3562.63,63842000000,7.50182e+23,64619200000000,807.485,32894000000000,6.24237e+22,1550.35,-12204.0,6225.65,4.746,-0.3626,19.828
X,7589.58,165020000000,2.98914e+24,164685000000000,2185.35,77155800000000,9.33283e+22,4448.32,-1823.0,14033.1,4.962,-0.021,51.014
X,1098.55,14717000000,1.69436e+23,21651300000000,253.733,13521600000000,1.1299e+22,751.502,-1132.4,6990.11,4.203,-0.1459,26.704
X,11762.2,225030000000,4.7589e+24,216398000000000,650.243,15443000000000,1.35936e+23,6158.15,-5991.2,18881.5,5.463,-0.0505,48.13
X,12172.3,252970000000,5.22753e+24,230024000000000,854.506,16134300000000,1.56972e+23,6996.79,-9734.6,18097.8,5.332,-0.073,48.433
X,13123.0,261220000000,5.02549e+24,237141000000000,579.471,33290300000000,1.76047e+23,6898.57,-18117.0,15900.9,5.3,-0.1316,39.171
X,14169.6,275960000000,5.02624e+24,239868000000000,186.222,45642300000000,1.96435e+23,6461.83,-25663.0,14373.5,5.291,-0.1764,32.266
X,11524.9,242950000000,5.27932e+24,223125000000000,587.8,6572400000000,1.43595e+23,6814.19,-3915.7,19330.1,5.386,-0.0306,53.146
X,4261.39,51135000000,6.2785e+23,70799400000000,1750.31,59072400000000,4.45143e+22,1425.92,-7662.2,7306.78,4.827,-0.2842,24.268
X,3108.06,41184000000,6.55401e+23,48433100000000,1813.38,65786400000000,2.40925e+22,1261.09,-1337.4,14314.5,4.897,-0.0616,39.245
M,605.079,8395900000,7.97097e+22,7563870000000,295.489,11600200000000,5.50263e+21,187.755,-1069.0,10742.8,4.173,-0.2415,12.511
M,799.028,9715600000,6.75987e+22,11029900000000,188.512,7903560000000,6.63726e+21,251.771,-1453.2,7496.46,4.138,-0.2837,12.975
M,651.383,23721000000,2.07177e+23,10179500000000,128.779,1727820000000,1.16053e+22,482.56,-2362.5,10704.8,3.757,-0.1889,25.781
M,714.377,16015000000,6.8959e+22,11445500000000,25.607,5939410000000,7.93419e+21,707.666,-793.58,5264.65,3.942,-0.094,13.941
M,1032.62,32698000000,8.34484e+22,16381400000000,144.478,5393250000000,2.01705e+22,647.258,-7178.3,2677.04,3.696,-0.4164,2.394
M,4205.19,75541000000,1.03358e+24,83345800000000,415.39,25635800000000,6.55119e+22,1829.17,-10046.0,7644.54,4.67,-0.2523,26.104
M,3323.23,48037000000,5.85612e+23,59466000000000,158.76,1337450000000,4.60821e+22,1302.78,-8261.9,6467.0,4.621,-0.3262,24.616
M,1979.94,28920000000,4.05166e+23,38945700000000,696.878,29070800000000,2.54374e+22,857.365,-3083.2,7341.19,4.418,-0.2022,25.942
M,2799.15,59845000000,6.21559e+23,64071600000000,409.721,8389470000000,4.96321e+22,1104.33,-9238.3,5440.64,4.42,-0.2928,25.178
M,1490.51,23291000000,1.5829e+23,36534500000000,362.711,20803300000000,2.69551e+22,752.192,-4205.7,2480.03,3.705,-0.3425,11.386
M,1507.63,19616000000,1.90146e+23,30964700000000,273.579,13685300000000,1.70578e+22,502.956,-2661.8,4950.63,4.409,-0.2574,24.761
M,2981.77,34233000000,5.88683e+23,52959800000000,1220.61,40949700000000,2.33441e+22,1256.96,-341.36,10895.5,4.735,-0.0189,45.077
M,3082.38,32030000000,4.75109e+23,57771600000000,852.749,35637900000000,2.58696e+22,1170.92,-1750.4,8053.63,4.754,-0.1037,34.355
M,3584.81,67073000000,6.67381e+23,75482300000000,438.722,15337200000000,6.52067e+22,1863.6,-11852.0,4698.82,4.663,-0.3352,17.951
M,959.536,18096000000,3.02129e+23,21676200000000,303.489,12841500000000,1.05794e+22,516.506,-74.648,11791.2,4.007,-0.0078,48.761
M,1060.48,20012000000,3.64487e+23,22954600000000,524.405,19501400000000,1.03074e+22,592.227,288.38,13726.8,4.113,0.0273,54.971
M,1196.54,21712000000,3.90861e+23,25867700000000,539.477,22398600000000,1.23187e+22,702.297,-32.155,13202.0,4.276,-0.0028,52.658
M,326.769,4493000000,3.1778e+22,7916150000000,25.297,3346860000000,3.29581e+21,188.319,-89.484,3507.53,3.349,-0.0378,29.361
M,1392.1,12657000000,1.71107e+23,25457500000000,361.418,17703400000000,9.66689e+21,357.999,-871.23,7725.67,4.322,-0.1306,38.292
M,1762.55,48874000000,3.41912e+23,40366700000000,2.054,1368720000000,3.26824e+22,726.212,-7756.9,4545.07,4.152,-0.3011,18.651
M,1053.99,11173000000,8.06583e+22,23889200000000,81.251,1652730000000,1.13621e+22,650.988,-1527.5,3010.99,3.256,-0.2593,24.188
M,991.794,9363100000,7.57221e+22,25048400000000,48.936,4197330000000,1.06065e+22,657.3,-1296.4,2696.77,3.622,-0.2626,25.266
M,255.698,4742700000,2.86089e+22,6420160000000,18.683,1883800000000,3.25253e+21,228.453,-152.84,3550.71,1.872,-0.0611,23.109
M,1010.04,14566000000,1.6376e+23,25840500000000,40.541,1563350000000,1.29192e+22,634.139,-1521.4,4987.01,3.971,-0.1981,36.856
M,1483.96,27306000000,3.12047e+23,36979900000000,172.762,5836760000000,2.33751e+22,922.698,-3086.5,5504.67,3.702,-0.2144,27.223
M,4490.07,79021000000,1.29114e+24,84751000000000,875.996,30222200000000,6.10699e+22,2020.48,-6763.1,10853.7,4.884,-0.1623,35.788
M,5390.35,85848000000,1.58999e+24,96387500000000,1510.23,61820900000000,5.92685e+22,2222.71,-3785.4,13899.9,4.974,-0.0836,40.31
M,6089.71,87565000000,1.75702e+24,102529000000000,1772.7,72219100000000,5.39941e+22,2221.04,-1247.0,16698.0,5.051,-0.027,45.673
M,4143.84,78029000000,1.08449e+24,70450200000000,567.397,18689500000000,6.42623e+22,1901.01,-10719.0,9271.32,4.659,-0.2606,30.795
M,957.076,17893000000,2.99685e+23,22977100000000,255.867,16338200000000,1.18587e+22,588.874,-383.92,10451.5,4.029,-0.0407,47.362
M,3022.07,57741000000,1.09795e+24,68531700000000,553.367,19464100000000,3.70353e+22,1526.68,-1649.3,13081.8,4.597,-0.0542,55.336
M,1970.26,37304000000,4.93124e+23,47399600000000,316.945,10705600000000,2.49239e+22,1568.74,-1292.1,8127.04,4.006,-0.0657,38.265
M,1671.44,36032000000,4.08031e+23,40851900000000,321.816,16991100000000,2.76678e+22,1125.49,-2771.6,6512.12,3.986,-0.1459,24.582
M,3096.96,50121000000,8.69121e+23,68751500000000,517.535,19437500000000,3.46531e+22,1550.36,-1478.2,10688.7,4.76,-0.0559,49.15
M,4674.35,63085000000,1.10678e+24,97698800000000,530.706,15354800000000,4.33853e+22,1876.72,-2086.8,10951.7,5.006,-0.0627,51.179
M,6269.13,75358000000,1.33779e+24,112265000000000,423.666,14564800000000,5.13759e+22,2051.61,-3454.7,12622.8,5.152,-0.087,45.577
M,6875.78,88121000000,1.49995e+24,117994000000000,1479.95,48260500000000,6.23973e+22,2230.59,-6800.7,12517.0,5.178,-0.1464,36.735
M,7405.08,102390000000,1.63912e+24,121000000000000,1762.89,58642100000000,7.80474e+22,2511.08,-11981.0,11596.7,5.019,-0.2219,30.948
M,5128.38,102620000000,1.04968e+24,111968000000000,152.442,2612200000000,8.58661e+22,3061.74,-11955.0,5656.48,4.78,-0.221,21.474
M,5367.96,99212000000,1.20174e+24,120321000000000,290.145,12708000000000,7.9842e+22,3412.45,-7591.7,6806.88,4.862,-0.1451,25.973
M,5168.38,110210000000,1.0201e+24,108445000000000,238.66,2077720000000,8.75877e+22,2854.5,-13227.0,5659.64,4.569,-0.2277,21.937
M,1246.07,28759000000,3.77392e+23,29027700000000,43.711,3319230000000,2.49505e+22,597.133,-3608.8,6674.45,3.876,-0.238,26.816
M,3286.57,42830000000,3.9491e+23,79868600000000,2.772,9412330000000,5.39927e+22,1884.27,-8663.9,3078.47,4.228,-0.3837,17.968
M,1910.31,20302000000,2.25521e+23,45965600000000,268.104,7237430000000,1.83615e+22,829.438,-1327.6,4539.88,4.586,-0.124,35.204
M,2268.15,24701000000,3.76981e+23,44550700000000,540.999,22046900000000,1.84049e+22,978.028,-417.81,8021.86,4.648,-0.0321,43.107
M,2387.21,31941000000,4.98573e+23,50007200000000,5.435,6743260000000,2.34127e+22,950.049,-2139.3,9723.61,4.724,-0.127,45.707
M,2510.26,37243000000,5.26361e+23,51154900000000,115.682,8982930000000,3.06973e+22,1072.72,-4189.9,8293.77,4.636,-0.2134,37.141
M,4791.15,89302000000,1.45282e+24,99028800000000,195.84,25890800000000,6.22953e+22,1889.65,-7217.1,11372.4,5.236,-0.1533,41.342
M,609.076,5900400000,5.86331e+22,11717800000000,186.711,8150400000000,4.64748e+21,162.482,-495.62,5710.04,4.001,-0.1593,32.695
M,789.778,9456400000,9.91782e+22,16392900000000,111.308,7626490000000,9.46435e+21,293.623,-1484.2,4520.85,3.718,-0.2977,29.312
M,1296.48,29846000000,4.45466e+23,31001200000000,237.221,8910830000000,1.75112e+22,940.186,-186.71,11392.5,3.618,-0.0119,37.846
M,1568.62,27170000000,2.75426e+23,38010400000000,220.646,7538430000000,1.83986e+22,1092.56,-434.84,6037.62,3.603,-0.0304,36.309
M,2753.69,30477000000,3.37625e+23,69613800000000,188.998,11140100000000,2.74643e+22,1750.01,-1674.4,4530.38,4.572,-0.1042,32.091
M,2362.49,29208000000,2.6358e+23,63044900000000,67.617,6726320000000,3.13583e+22,1583.62,-3026.7,3116.76,4.344,-0.1966,25.396
M,3095.13,63961000000,9.38399e+23,75791600000000,88.299,7144190000000,4.07927e+22,2165.09,-312.34,9265.7,3.955,-0.0093,45.851
M,478.337,8467400000,3.41059e+22,10215100000000,78.064,3535210000000,8.10418e+21,176.969,-1809.1,1905.0,3.485,-0.4053,6.053
M,2629.57,47167000000,4.85464e+23,54544200000000,598.695,24644300000000,3.58999e+22,1026.89,-5635.4,6343.02,4.52,-0.2266,24.041
M,1067.32,26541000000,1.306e+23,21066300000000,154.975,8289960000000,2.11388e+22,362.596,-6242.7,3111.73,4.226,-0.4462,11.034
M,1753.3,25561000000,2.5559e+23,34286200000000,482.843,18732800000000,1.82167e+22,682.765,-1344.1,6211.06,4.439,-0.0997,31.053
M,1644.25,24579000000,4.46142e+23,29865200000000,761.305,24191600000000,1.53486e+22,781.163,-753.59,13249.4,4.408,-0.0582,49.647
M,2891.89,52804000000,8.73245e+23,68710100000000,646.341,32242200000000,3.71473e+22,1760.01,-2368.1,9525.32,4.596,-0.0851,42.768
M,2494.83,46915000000,6.21082e+23,59040100000000,555.112,23750800000000,3.9111e+22,1571.92,-4843.8,7047.1,4.429,-0.1958,30.178
M,2366.19,29690000000,5.05209e+23,33254700000000,468.443,16704900000000,2.10143e+22,529.695,-2610.2,12660.7,4.551,-0.1668,33.877
M,2383.34,32414000000,6.0263e+23,43738900000000,571.546,17630400000000,2.19403e+22,771.362,-1075.1,12608.6,4.694,-0.0629,52.474
M,2011.33,27555000000,4.64848e+23,24389100000000,658.68,16686700000000,1.88652e+22,548.57,-2440.0,13657.9,4.416,-0.168,32.882
M,3137.01,49026000000,7.75033e+23,70342000000000,344.171,14614700000000,3.61143e+22,1745.44,-901.38,8586.88,4.572,-0.0349,43.625
M,2832.81,44084000000,6.45972e+23,64114800000000,389.045,16496700000000,3.12757e+22,1661.39,-879.75,8129.98,4.539,-0.0379,44.251
M,2278.87,38527000000,4.9958e+23,53433900000000,355.069,16812400000000,2.78113e+22,1476.83,-1110.3,7289.83,4.229,-0.0547,39.128
M,921.498,10018000000,1.3708e+23,16392900000000,341.422,15054600000000,7.96038e+21,333.524,-790.43,8207.64,4.177,-0.1497,38.581
M,4109.33,94255000000,1.44348e+24,78386900000000,443.002,24197100000000,5.98585e+22,1459.62,-8943.8,11721.7,4.481,-0.18,30.302
M,3728.16,89261000000,1.45419e+24,79161700000000,461.447,11497900000000,6.07731e+22,1878.11,-7059.6,11537.0,4.294,-0.15,27.944
M,951.092,20313000000,1.53726e+23,22314300000000,7.48,2302390000000,1.67869e+22,564.03,-2837.1,4144.41,3.583,-0.2649,16.788
M,3622.0,61272000000,6.99976e+23,69604600000000,13.275,4816340000000,4.65802e+22,1433.51,-8145.5,7532.41,4.797,-0.2522,28.318
M,1765.52,22897000000,1.94041e+23,39673200000000,200.518,9481020000000,1.72478e+22,1105.47,250.68,4285.02,4.257,0.0208,29.386
M,2879.71,41432000000,5.37047e+23,61559100000000,95.905,3106930000000,2.80092e+22,1500.91,-938.34,8150.39,4.664,-0.043,40.942
M,3113.3,47937000000,5.56992e+23,69566000000000,154.21,924364000000,3.65437e+22,1645.86,-3655.8,6722.15,4.501,-0.1447,36.394
M,1110.55,20357000000,3.7416e+23,24334800000000,66.029,3265700000000,1.28689e+22,530.303,-30.934,12797.5,4.213,-0.0029,58.533
M,8681.31,136300000000,2.34924e+24,136693000000000,1180.79,34872900000000,7.90982e+22,3171.11,-6521.9,15577.0,5.235,-0.0908,38.625
M,10370.5,153940000000,3.02103e+24,144788000000000,2315.43,60049100000000,7.55275e+22,3592.19,-862.35,22369.7,5.437,-0.0106,47.097
M,9592.17,152180000000,3.16647e+24,135377000000000,2745.04,93291500000000,7.24099e+22,3924.9,1844.4,25156.0,5.318,0.023,52.413
M,7806.29,133790000000,2.18313e+24,120667000000000,1617.29,36524400000000,9.54791e+22,2958.28,-11980.0,12284.5,5.069,-0.1698,22.608
M,2335.15,33158000000,3.85947e+23,48034400000000,460.799,11503700000000,2.33674e+22,1554.2,-1750.1,7548.78,4.534,-0.1001,34.08
M,2327.81,33476000000,4.05929e+23,51214700000000,426.479,25345200000000,2.43732e+22,1600.83,-1954.2,7615.02,4.381,-0.1107,36.839
M,4019.71,68346000000,8.81172e+23,77260900000000,770.688,33083800000000,6.30618e+22,1913.93,-10300.0,7121.9,4.688,-0.2859,23.253
M,2317.08,30259000000,4.38933e+23,42086400000000,348.73,13974800000000,1.9084e+22,1270.65,-724.91,10446.3,4.576,-0.0454,42.384
M,3747.7,39181000000,6.38755e+23,69952800000000,424.373,21465000000000,2.59411e+22,1612.51,-815.99,10455.7,4.896,-0.0395,49.155
M,4822.41,50222000000,9.2468e+23,87784200000000,124.356,7015110000000,3.2133e+22,1733.48,-773.17,13117.2,5.051,-0.0292,48.897
M,5257.99,59101000000,1.07994e+24,98642800000000,65.948,9057650000000,4.06871e+22,1884.27,-2201.3,11961.0,5.181,-0.0707,50.274
M,1593.68,25892000000,3.3772e+23,33856500000000,187.61,12218700000000,1.74359e+22,1345.32,-845.9,8501.28,4.003,-0.062,41.634
M,3953.07,69476000000,9.02401e+23,81924200000000,54.748,6560010000000,5.49734e+22,2291.14,-7208.0,8338.5,4.718,-0.1968,34.894
M,1191.38,28645000000,3.77279e+23,22527600000000,16.174,2425670000000,1.88192e+22,604.826,-2884.7,11349.4,4.287,-0.191,37.462
M,1731.66,22700000000,3.23971e+23,32988700000000,623.232,26139200000000,1.59075e+22,866.944,-1284.9,9445.4,4.402,-0.1074,41.17
M,1440.25,20197000000,2.02515e+23,30357600000000,56.945,5356060000000,2.11259e+22,774.352,-3577.7,4470.04,4.299,-0.336,19.655
M,2353.76,33025000000,3.67449e+23,41470600000000,256.74,8808380000000,3.34399e+22,949.246,-6596.7,5911.31,4.478,-0.3789,16.654
M,630.74,14540000000,6.81992e+22,10535400000000,207.559,9479610000000,9.45599e+21,237.227,-2940.9,4160.84,3.877,-0.3837,11.749
M,1453.84,20581000000,1.94872e+23,26685800000000,289.861,15989500000000,1.57428e+22,520.821,-3028.0,6785.79,4.522,-0.2791,23.867
M,3332.55,67552000000,5.38156e+23,67689600000000,841.694,31009000000000,4.48717e+22,2093.83,-9153.6,5698.08,4.443,-0.257,22.036
M,779.468,12292000000,1.45032e+23,17798000000000,14.925,761080000000,1.1086e+22,493.399,-1251.6,5714.67,3.389,-0.1931,28.121
M,5323.34,107140000000,1.51061e+24,111858000000000,217.335,5500050000000,8.1332e+22,3064.45,-12188.0,9553.98,4.742,-0.2158,33.064
M,421.648,4519700000,3.92159e+22,7516110000000,118.842,8018550000000,3.12553e+21,169.176,-43.73,6039.89,3.979,-0.0184,22.172
M,674.979,21929000000,9.04747e+22,11877300000000,35.937,2706570000000,1.12307e+22,271.721,-5283.0,4225.67,3.822,-0.457,17.374
M,2423.37,44336000000,3.07961e+23,48599200000000,137.809,2923580000000,2.85424e+22,1569.88,-3707.7,5243.07,4.548,-0.1586,19.994
M,2411.26,59119000000,1.10781e+24,47490800000000,271.786,11513800000000,3.33772e+22,1384.31,-2800.6,16884.9,4.351,-0.0899,52.341
M,2699.42,58985000000,1.07e+24,53457900000000,47.02,4510260000000,3.58771e+22,1511.12,-3175.7,15255.1,4.482,-0.1021,49.982
M,2673.58,41979000000,7.50337e+23,54357400000000,657.739,28023800000000,2.98581e+22,1179.68,-2403.1,12367.4,4.769,-0.1086,48.282
M,3315.58,52505000000,1.08654e+24,60931200000000,952.629,35005500000000,3.38894e+22,1445.88,-871.28,16263.2,4.907,-0.0315,54.189
M,1837.63,37686000000,3.26641e+23,33823500000000,80.753,966711000000,2.30172e+22,710.35,-5806.6,7271.88,4.346,-0.2923,26.281
M,3344.68,57350000000,1.09277e+24,65907800000000,171.834,14777300000000,3.94536e+22,1695.97,-1964.3,13599.4,4.932,-0.065,51.342
M,2990.9,51961000000,1.01039e+24,61498000000000,168.44,11210900000000,3.4542e+22,1826.34,-930.54,13369.1,4.75,-0.034,55.788
M,2058.49,44158000000,7.56086e+23,45570300000000,252.567,12528300000000,2.49644e+22,1589.05,-446.15,14185.5,4.525,-0.0192,52.125
M,2014.45,43043000000,7.26393e+23,43748400000000,255.165,7642680000000,2.47679e+22,1633.64,-652.32,13751.8,4.304,-0.0287,50.888
M,3992.03,82520000000,8.26687e+23,73742300000000,85.581,10540300000000,7.65468e+22,2030.14,-16282.0,5697.33,4.728,-0.3743,18.169
M,2620.46,38469000000,3.72101e+23,55301600000000,151.981,11250900000000,2.85003e+22,2396.43,-3257.2,6069.13,4.106,-0.1606,27.297
M,1578.27,25879000000,3.67642e+23,34087800000000,66.079,3570270000000,1.80378e+22,855.4,-1404.8,8846.37,4.447,-0.103,43.198
M,1583.1,27431000000,2.24808e+23,30082500000000,471.677,19637200000000,1.49432e+22,1217.98,48.027,7247.1,4.208,0.0033,25.203
M,2203.96,31977000000,4.54992e+23,46562700000000,195.791,10132500000000,2.49025e+22,1288.74,-2353.6,8439.53,4.337,-0.1396,40.993
M,2753.42,46202000000,4.19659e+23,57454400000000,352.422,20081900000000,4.77865e+22,1569.46,-9478.1,4473.93,4.393,-0.3891,15.093
M,3790.63,81939000000,1.69007e+24,72954900000000,755.214,28055000000000,5.01786e+22,1837.68,-2393.3,17662.7,4.98,-0.0554,57.077
M,3331.03,78018000000,1.67107e+24,67275000000000,908.348,34515900000000,4.51155e+22,1880.35,-723.7,18602.5,4.88,-0.0176,60.997
M,3189.06,72314000000,1.58166e+24,61482200000000,960.332,32840200000000,4.04576e+22,1761.99,173.54,19540.8,4.712,0.0046,63.26
M,2921.63,59328000000,9.79973e+23,57900400000000,507.496,16568200000000,4.08794e+22,1598.34,-5094.5,12533.0,4.361,-0.1629,41.689
M,1152.88,28798000000,1.95452e+23,18494400000000,74.428,1287380000000,2.06841e+22,489.171,-5562.6,5467.45,3.897,-0.3664,14.21
M,2002.74,30579000000,4.41661e+23,36083100000000,178.64,825347000000,2.03451e+22,718.909,-3046.1,11755.5,4.77,-0.189,45.444
M,2875.02,43533000000,5.09474e+23,56788000000000,244.483,5023350000000,3.60411e+22,1418.01,-5655.8,7243.16,4.842,-0.2464,29.105
M,3422.08,55363000000,8.64526e+23,70824200000000,296.163,6814870000000,3.94599e+22,1852.59,-3828.9,10730.0,4.947,-0.1312,42.328
M,5131.83,83952000000,1.54877e+24,99507600000000,551.424,36337700000000,5.1455e+22,2397.19,-3126.6,15246.3,5.028,-0.0706,51.369
M,4664.54,97869000000,1.6107e+24,87764400000000,36.318,10643100000000,6.72717e+22,2352.09,-10016.0,12892.3,4.826,-0.1941,39.863
M,4374.09,95346000000,1.45097e+24,77348800000000,269.33,13758900000000,7.24672e+22,1970.61,-12569.0,10810.6,4.589,-0.2501,30.78
M,1679.27,22428000000,2.98317e+23,31338400000000,180.931,6689480000000,1.61525e+22,816.506,-1385.7,9072.25,4.183,-0.1172,37.351
M,1491.6,26234000000,2.97187e+23,29423500000000,327.379,6806800000000,2.24777e+22,734.562,-3731.3,6501.58,4.18,-0.2698,26.082
M,5224.97,84437000000,1.2966e+24,85631900000000,8.202,17644800000000,6.64362e+22,1788.69,-11308.0,11090.8,4.949,-0.254,31.987
M,2221.64,38859000000,3.2442e+23,43009400000000,729.202,33177300000000,3.83768e+22,1050.91,-8655.1,4323.38,4.361,-0.4225,13.652
M,2022.36,39965000000,2.75483e+23,38669800000000,491.764,20382300000000,3.69361e+22,838.982,-9535.4,4008.01,4.269,-0.4526,12.35
M,3941.39,70966000000,9.90236e+23,68381300000000,16.456,3725720000000,5.75518e+22,1475.3,-10380.0,9715.49,4.672,-0.2775,29.931
M,2513.93,42398000000,6.59653e+23,53228900000000,66.27,6556370000000,2.95744e+22,2085.98,-2128.4,9913.58,4.42,-0.0952,44.35
M,1384.58,35239000000,2.35844e+23,27662000000000,50.357,2460200000000,2.50317e+22,721.754,-6463.6,4806.93,3.879,-0.3479,19.032
M,2248.5,46323000000,6.41985e+23,36075400000000,440.757,13372900000000,3.15646e+22,1040.43,-5469.4,12562.2,4.62,-0.224,37.533
M,2688.99,35216000000,3.23467e+23,51014400000000,572.275,18910700000000,2.82231e+22,1539.27,-2747.4,5155.28,4.579,-0.148,17.542
M,3822.29,45261000000,4.50867e+23,61847600000000,231.219,13754500000000,3.71596e+22,1416.3,-5010.5,5797.82,4.731,-0.21,13.496
M,3356.57,50728000000,4.53202e+23,58413100000000,513.315,24763000000000,4.19993e+22,1127.27,-7991.7,5242.67,4.737,-0.2988,11.559
M,4263.8,67952000000,1.1718e+24,84788600000000,121.931,20424600000000,5.10804e+22,1722.41,-7044.5,11389.3,4.208,-0.1966,36.116
M,380.206,5949000000,2.65588e+22,6815700000000,8.078,2100250000000,4.31084e+21,77.74,-1014.0,3541.43,3.5,-0.3233,9.864
B,55.772,1020700000,5.22306e+21,961469000000,38.849,1391060000000,2.82471e+20,13.9159,115.82,8009.98,3.102,0.2152,51.12
B,41.846,957960000,1.50688e+21,601889000000,7.576,155755000000,4.1826e+20,63.1692,-57.081,2358.96,1.908,-0.113,2.079
B,34.981,1882500000,1.58761e+21,623917000000,1.055,714712000000,4.60635e+20,134.59,-0.072779,2012.54,2.449,-0.0001,1.01
B,633.567,11148000000,1.05642e+23,8994260000000,30.109,4541130000000,7.24136e+21,255.508,-1474.2,9964.54,4.145,-0.2508,27.772
B,216.985,9850200000,1.85772e+23,3261010000000,56.862,1901550000000,4.28185e+21,126.703,-37.69,27183.0,3.45,-0.0073,72.794
B,144.095,3233100000,1.84115e+22,2177570000000,12.192,516168000000,2.8394e+21,101.138,-762.27,4563.42,3.206,-0.4472,3.983
B,122.659,4376400000,1.38838e+22,1974420000000,17.306,626147000000,1.73915e+21,208.355,66.975,5087.25,2.149,0.029,6.861
B,392.232,5728500000,4.37587e+22,6686970000000,22.377,1821170000000,3.67816e+21,230.117,-484.35,6963.16,3.669,-0.1604,27.071
B,68.067,1491300000,7.21992e+21,1114190000000,15.042,793706000000,7.1126e+20,29.7155,-5.3543,6597.7,3.148,-0.0068,19.053
B,209.131,3122800000,2.21197e+22,3225230000000,3.294,206251000000,2.20789e+21,118.215,-308.43,6745.98,3.507,-0.1873,11.665
B,72.709,1442700000,4.44444e+21,1246740000000,16.776,722085000000,7.8218e+20,79.8919,-85.388,3320.04,1.915,-0.1123,10.615
B,228.552,15214000000,1.67885e+22,3824660000000,17.847,1991380000000,5.95043e+21,223.379,-2861.5,1696.4,2.957,-0.3568,0.054
B,193.042,9444700000,1.26342e+23,2633550000000,34.724,932947000000,4.9716e+21,166.482,-783.95,17959.9,3.833,-0.1574,46.63
B,179.218,8957600000,1.50888e+23,3534100000000,62.191,1201330000000,4.32312e+21,153.425,-193.44,21016.8,3.351,-0.041,64.003
B,292.284,5419000000,4.62217e+22,5208850000000,46.944,2629600000000,3.40999e+21,244.917,-358.86,7870.73,2.917,-0.1256,29.76
B,890.963,32567000000,1.39906e+23,14075100000000,183.834,9072250000000,2.41427e+22,628.683,-7695.2,3730.43,3.434,-0.4482,7.025
B,934.191,25091000000,1.3429e+23,16528000000000,148.555,7370580000000,1.84409e+22,1024.2,-4255.9,4378.95,3.261,-0.3217,8.722
B,1048.93,22367000000,1.3597e+23,18094400000000,7.194,4354320000000,1.58247e+22,1120.16,-2899.1,5189.75,3.9,-0.2459,11.623
B,1008.77,21184000000,1.19021e+23,17072900000000,6.832,2938000000000,1.35864e+22,1183.89,-2374.6,5391.42,4.084,-0.2126,12.194
B,806.226,18541000000,8.95354e+22,13735700000000,24.41,781091000000,1.15966e+22,1125.14,-2096.2,4827.37,3.532,-0.2145,9.387
B,670.769,17643000000,6.79807e+22,11328400000000,33.245,4570910000000,1.10309e+22,997.583,-2318.2,3858.92,1.951,-0.2492,5.82
B,201.926,4128600000,1.8361e+22,3141220000000,8.387,1238880000000,2.50579e+21,211.245,-452.24,4802.23,2.198,-0.2078,9.726
B,45.973,1915500000,2.195e+21,804262000000,0.527,404853000000,5.4409e+20,142.296,4.1207,2286.04,2.836,0.0041,1.66
B,381.62,16058000000,1.72399e+23,5067900000000,29.602,1945790000000,8.01755e+21,245.665,-2247.9,15073.7,3.986,-0.2655,33.477
B,298.14,10010000000,1.48124e+23,5321600000000,108.359,2320170000000,4.69186e+21,301.199,103.43,18121.2,2.995,0.0196,61.413
B,218.469,12306000000,1.96978e+23,3721380000000,40.372,498967000000,5.20431e+21,165.045,-262.65,24957.4,3.543,-0.0405,67.323
B,373.757,8451700000,4.38553e+22,4960730000000,85.906,3107840000000,5.4893e+21,188.78,-1496.9,5908.47,3.815,-0.336,8.284
B,545.733,11424000000,1.03764e+23,8438300000000,72.674,3214270000000,7.67311e+21,310.412,-1408.8,8979.79,3.942,-0.2339,23.135
B,424.193,9687000000,8.20446e+22,6916480000000,61.689,2059590000000,6.60379e+21,312.642,-1084.1,8065.08,3.63,-0.2123,22.65
B,405.239,8744500000,7.27497e+22,6804500000000,88.176,3646790000000,6.11431e+21,329.306,-957.33,7589.3,3.576,-0.2077,20.975
B,315.29,9737500000,8.41331e+22,5090710000000,123.679,2154370000000,4.31605e+21,462.44,6.4072,11564.6,2.966,0.0012,36.93
B,307.759,9698200000,5.78747e+22,4783360000000,122.201,2988570000000,4.2909e+21,321.609,-437.76,8236.42,1.878,-0.0856,22.359
B,196.755,6077200000,2.39097e+22,2756960000000,10.256,750683000000,4.44636e+21,107.722,-1588.1,3943.85,3.004,-0.4957,3.067
B,988.803,40494000000,5.54053e+23,10692600000000,47.163,2415710000000,1.81005e+22,694.429,-3199.2,22125.3,4.071,-0.1499,45.116
B,1138.35,41361000000,6.58368e+23,16154800000000,7.695,3633000000000,2.06893e+22,746.38,-2441.3,21049.8,4.082,-0.112,42.368
B,1061.97,37751000000,6.84211e+23,16644900000000,64.604,1680720000000,1.63398e+22,684.469,-610.42,25686.9,4.108,-0.0307,59.59
B,1101.51,37462000000,6.7799e+23,16705600000000,118.465,3063150000000,1.62616e+22,717.689,-498.4,26455.8,3.921,-0.0252,57.651
B,1111.04,38755000000,6.42514e+23,16043000000000,82.112,4774710000000,1.75826e+22,721.806,-1409.2,24360.8,4.089,-0.069,49.149
B,51.493,996890000,2.56458e+21,739458000000,11.044,670511000000,3.33903e+20,22.4172,180.79,4901.27,2.709,0.344,17.259
B,194.281,2770600000,2.00091e+22,3089580000000,28.735,1609210000000,1.70708e+21,121.487,-83.961,7205.45,3.639,-0.0575,15.638
B,672.539,27511000000,2.73728e+23,12249700000000,71.021,1407950000000,1.25131e+22,303.054,-3431.2,10350.7,3.926,-0.2366,36.258
B,120.173,2796700000,1.02584e+22,2557580000000,7.931,736236000000,1.46e+21,29.0446,-437.1,3156.69,2.927,-0.2965,14.508
B,491.148,10104000000,4.45939e+22,10037200000000,36.026,600579000000,9.45297e+21,154.151,-2179.4,2231.28,2.993,-0.4091,9.223
B,278.126,2901300000,2.7695e+22,5835580000000,3.991,358066000000,2.1436e+21,106.928,-95.927,4934.68,2.979,-0.0627,37.411
B,310.143,3930400000,2.8795e+22,6844500000000,17.547,745585000000,3.36944e+21,165.446,-206.69,3550.98,2.628,-0.0998,25.352
B,371.116,6551200000,3.09328e+22,8116990000000,5.234,776504000000,5.48378e+21,166.927,-788.56,2524.6,3.629,-0.2283,12.096
B,539.228,6229900000,4.57442e+22,11513300000000,77.842,3000710000000,6.20461e+21,282.018,-958.16,3584.26,2.533,-0.2917,17.17
B,368.395,17058000000,2.74557e+22,9793710000000,12.724,493672000000,9.69035e+21,194.024,-2757.4,1097.68,2.245,-0.3066,1.524
B,39.641,1400600000,1.36983e+21,931040000000,8.267,623211000000,4.46442e+20,52.0258,219.59,1279.73,1.961,0.2974,3.598
B,495.776,5833500000,4.20491e+22,12228200000000,16.476,2436240000000,7.04415e+21,270.775,-1092.2,2376.88,3.322,-0.3552,18.332
B,149.252,1806900000,9.93322e+21,4405040000000,7.252,428846000000,1.79747e+21,91.879,-69.391,1769.06,1.513,-0.0728,24.432
B,769.178,8788800000,8.46841e+22,17634500000000,160.568,6707260000000,7.11488e+21,346.457,-766.79,4694.2,3.463,-0.1655,37.721
B,785.101,10226000000,1.14163e+23,18303900000000,116.509,8666590000000,8.58367e+21,415.616,-1002.9,5742.75,3.628,-0.186,35.26
B,89.132,2105300000,5.50835e+21,2390640000000,12.514,829261000000,1.94294e+21,62.5292,-152.63,1112.58,1.379,-0.1375,2.092
B,410.275,5153000000,4.93654e+22,9028090000000,0.501,531225000000,4.69711e+21,256.03,-521.95,4296.79,2.262,-0.1921,30.54
B,368.863,5957700000,4.28898e+22,8361800000000,16.972,1581340000000,4.61775e+21,228.774,-323.59,3927.93,2.646,-0.103,23.352
B,76.422,1595200000,5.56162e+21,1627730000000,5.61,466276000000,8.00715e+20,65.0043,160.34,2766.07,1.488,0.1907,18.956
B,136.64,2805800000,1.28691e+22,2260820000000,28.468,1574310000000,2.37292e+21,41.2418,-538.17,3095.92,1.898,-0.3638,4.537
B,666.678,12022000000,9.73891e+22,13816200000000,56.738,1771110000000,1.33528e+22,277.806,-2478.4,3571.63,3.317,-0.3911,12.834
B,275.672,4479000000,3.02572e+22,6532010000000,37.745,1390560000000,3.03602e+21,304.851,-67.863,3552.68,2.867,-0.0287,31.374
B,105.289,2329500000,9.00784e+21,2057770000000,21.218,858463000000,8.99093e+20,49.3157,396.92,4462.36,2.579,0.3232,24.276
B,775.849,13814000000,4.88641e+22,21158700000000,67.936,2955280000000,1.50428e+22,594.754,-1841.5,1225.4,2.313,-0.2529,6.048
B,434.56,7217000000,3.76354e+22,10047200000000,39.641,2194890000000,7.03193e+21,201.01,-1036.4,2359.42,3.343,-0.2724,12.181
B,766.134,9679400000,1.05976e+23,17985000000000,80.984,4244700000000,8.4719e+21,449.416,-655.67,4975.92,3.714,-0.1285,35.206
B,477.722,6079300000,8.57481e+22,11017600000000,35.082,1426380000000,4.51507e+21,212.341,-68.125,7178.13,3.807,-0.0213,49.661
B,601.25,5934500000,5.86139e+22,13613100000000,84.358,3265520000000,5.25394e+21,270.593,-473.25,4310.11,3.82,-0.1513,33.389
B,703.729,6985300000,7.44925e+22,15602500000000,127.206,6919670000000,6.83395e+21,323.007,-695.81,4629.19,3.889,-0.1889,27.556
B,903.6,13678000000,1.33312e+23,21279300000000,46.448,2980010000000,1.51811e+22,485.078,-2337.3,3855.51,3.522,-0.3241,22.98
B,172.605,2400900000,1.29548e+22,4128780000000,4.2,1171330000000,2.08716e+21,134.99,-188.97,2650.04,2.384,-0.1493,16.218
B,636.13,10186000000,1.44091e+23,16727900000000,94.604,3397280000000,7.4522e+21,343.678,-496.03,7323.59,2.843,-0.0924,52.123
B,1014.05,18474000000,3.20173e+23,25609900000000,104.827,9146180000000,1.43018e+22,570.467,-1040.0,8913.59,4.034,-0.1068,53.621
B,662.874,16467000000,1.10547e+23,14326400000000,37.641,2666160000000,1.64101e+22,301.24,-3547.6,3158.44,3.55,-0.4087,10.749
B,250.168,5827300000,5.45214e+22,6752130000000,22.023,556576000000,3.61214e+21,215.743,176.21,5616.13,2.948,0.0574,38.865
B,539.59,8356900000,6.46189e+22,12446700000000,21.123,751300000000,6.42575e+21,324.845,-362.21,4183.04,2.553,-0.0822,28.026
B,872.529,10139000000,1.00894e+23,20509800000000,56.859,3776050000000,8.99932e+21,521.171,-688.07,4297.06,3.758,-0.1287,31.731
B,218.619,3956900000,1.61589e+22,5599540000000,7.572,466780000000,5.05049e+21,76.8997,-1073.8,1311.57,1.724,-0.5148,3.342
B,591.132,8725500000,9.1855e+22,11376300000000,50.122,1725980000000,7.9417e+21,221.772,-1474.8,5885.93,4.043,-0.3206,21.777
B,212.534,7948600000,4.41202e+22,4846140000000,24.138,2591380000000,3.87633e+21,80.6685,-1162.0,5107.92,3.247,-0.2773,21.541
B,597.473,7599400000,5.82917e+22,14091400000000,131.943,5498380000000,6.92876e+21,314.992,-648.31,3446.09,3.526,-0.1618,25.328
B,525.168,11110000000,4.39343e+22,12761300000000,70.096,2978720000000,1.00305e+22,256.867,-1649.7,1836.05,3.002,-0.2816,6.605
B,47.609,2971500000,7.09081e+21,923208000000,4.979,243696000000,1.28337e+21,22.0385,-855.34,2981.18,2.351,-0.546,3.294
B,670.505,12741000000,1.65816e+23,17691500000000,21.676,1392090000000,1.16221e+22,545.995,-937.78,5638.18,3.645,-0.1396,27.582
B,60.741,872400000,3.39617e+21,1446160000000,17.747,1046820000000,9.08181e+20,45.1935,-120.92,1669.24,3.081,-0.2629,5.091
B,538.386,8104600000,5.54156e+22,10774400000000,76.482,1780500000000,6.54324e+21,302.628,-1088.0,4261.36,3.485,-0.2547,19.72
B,700.357,13959000000,6.24277e+22,13283000000000,11.234,686039000000,1.28515e+22,293.476,-3616.6,2422.05,3.693,-0.4915,5.06
B,1061.76,37183000000,2.51453e+23,21899600000000,254.686,11231800000000,2.49596e+22,623.865,-7621.7,4996.71,3.896,-0.3888,16.148
B,882.286,14274000000,1.15472e+23,15802200000000,2.029,1414870000000,1.4845e+22,380.327,-3206.0,4321.73,3.948,-0.426,14.703
B,98.252,2903300000,4.11874e+21,1894570000000,5.985,656603000000,1.02253e+21,305.426,-54.721,1946.87,2.35,-0.0358,3.641
B,402.489,6416600000,4.69098e+22,8481970000000,70.76,2302280000000,6.36735e+21,294.811,-992.8,3394.11,2.519,-0.2935,14.548
B,240.774,4519100000,2.34451e+22,5094560000000,33.468,1134710000000,3.18928e+21,287.611,-348.13,3442.63,3.339,-0.1461,11.408
B,155.3,2810100000,1.77779e+22,2888100000000,25.06,495397000000,1.87474e+21,111.559,-225.28,4604.92,2.436,-0.1521,14.654
B,108.166,1787200000,7.16837e+21,1910450000000,8.975,57861400000,9.58146e+20,113.193,-65.251,3798.51,2.929,-0.0693,12.104
B,421.33,7003700000,9.83963e+22,8816140000000,17.256,157132000000,5.28072e+21,273.351,-399.73,8454.99,3.464,-0.1083,43.992
B,449.616,6965300000,3.87376e+22,9311110000000,21.717,1326550000000,5.98823e+21,334.741,-880.68,3070.09,3.03,-0.2398,12.83
B,585.799,11929000000,3.46426e+22,13554100000000,47.499,5643880000000,7.94122e+21,647.957,-414.27,1882.47,2.893,-0.0659,5.34
B,695.177,10542000000,8.14643e+22,12872100000000,144.595,3916120000000,9.84982e+21,285.71,-2125.5,4383.42,3.917,-0.3824,15.121
B,566.8,19058000000,5.53077e+22,11197000000000,44.32,2855550000000,1.35496e+22,174.84,-4886.2,2071.53,2.935,-0.4863,6.327
B,512.396,9686800000,5.74188e+22,9597560000000,10.566,873893000000,9.17669e+21,207.526,-2479.3,3249.82,3.719,-0.4855,10.433
B,940.394,15787000000,2.1031e+23,19326000000000,148.455,4606210000000,1.17417e+22,466.806,-1351.2,8320.75,4.03,-0.1624,40.505
B,407.297,7125400000,5.59995e+22,9347520000000,41.69,530917000000,5.4216e+21,289.972,-471.37,4575.89,3.029,-0.1255,25.567
B,402.868,11235000000,1.20702e+23,9937280000000,37.991,2790970000000,7.20258e+21,407.274,-535.08,7340.88,2.991,-0.0903,32.106
B,756.851,24575000000,3.81927e+23,12314100000000,122.618,4075170000000,1.60536e+22,531.613,-2581.8,12090.5,4.091,-0.1993,37.324
B,871.312,24973000000,3.89814e+23,17047700000000,85.775,1107530000000,1.77289e+22,502.614,-2935.7,11348.3,4.037,-0.223,36.022
B,835.588,23339000000,3.79443e+23,17179800000000,1.337,733979000000,1.59192e+22,530.064,-2091.6,12423.5,4.111,-0.17,37.951
B,707.828,21365000000,3.7715e+23,15103400000000,26.532,918591000000,1.28476e+22,531.052,-1136.1,15297.8,3.825,-0.1009,47.463
B,527.606,8001100000,6.38121e+22,9642340000000,93.562,1685840000000,7.47111e+21,152.928,-1645.4,4612.17,3.484,-0.3901,13.093
B,1106.14,11335000000,1.16889e+23,19232700000000,328.458,10174200000000,1.1358e+22,315.763,-2060.0,5506.14,4.056,-0.3447,18.067
B,910.941,11643000000,1.55762e+23,17558500000000,302.52,10773100000000,9.33319e+21,447.31,-1164.1,8490.4,3.624,-0.1897,39.865
B,650.375,24422000000,5.17754e+23,14616800000000,231.692,8142270000000,1.1716e+22,512.856,-204.84,22488.6,3.658,-0.0159,70.708
B,198.104,2454600000,1.44513e+22,3649000000000,62.419,2045110000000,1.75921e+21,59.0369,-277.27,4170.81,2.423,-0.2143,19.854
B,559.426,6688500000,6.95871e+22,9772910000000,95.16,5543330000000,5.46809e+21,138.234,-1107.2,6794.37,3.903,-0.314,24.87
B,379.336,5974400000,2.71498e+22,7596990000000,119.472,6123130000000,4.12617e+21,539.655,-603.55,3100.78,3.174,-0.1916,11.725
B,644.662,9657200000,8.21315e+22,13556100000000,204.606,9800490000000,6.86701e+21,374.165,-869.55,5647.33,3.136,-0.1708,25.888
B,655.709,7909100000,4.83326e+22,12918600000000,14.477,681548000000,7.54699e+21,119.669,-1769.0,3114.31,3.601,-0.4243,13.298
B,173.421,3231900000,1.35663e+22,3246640000000,3.124,1619820000000,2.08959e+21,320.926,-414.39,3402.8,2.351,-0.2432,7.095
B,558.205,6326100000,5.8089e+22,10590700000000,87.871,1230720000000,4.90878e+21,190.294,-706.71,5942.16,3.915,-0.2119,28.719
B,939.495,15550000000,6.85784e+22,21856500000000,205.055,7570990000000,1.06889e+22,292.615,-2685.3,2808.89,3.164,-0.3276,17.727
B,1136.41,12754000000,5.5715e+22,25382600000000,345.67,13802500000000,1.1612e+22,444.917,-1945.0,2108.18,2.536,-0.2893,7.432
B,180.764,9801000000,1.0482e+22,3141040000000,32.356,1193320000000,2.45726e+21,33.139,-1678.7,2433.05,2.915,-0.3249,4.254
B,1107.36,14175000000,1.24214e+23,23995300000000,299.306,7039370000000,1.17269e+22,620.391,-1455.9,4815.49,3.626,-0.1948,26.618
B,226.128,4108000000,3.46127e+22,4351460000000,21.034,1880850000000,2.74695e+21,232.106,-340.65,6253.09,3.039,-0.1573,25.624
B,221.229,3246500000,1.69801e+22,4603650000000,36.938,1227690000000,2.07567e+21,100.11,-118.07,3630.26,2.698,-0.069,20.784
B,232.713,3162100000,2.12158e+22,4480500000000,19.121,1189630000000,2.05412e+21,156.076,-130.48,4417.92,3.101,-0.0783,27.904
B,191.66,2753200000,1.59643e+22,3697490000000,14.317,1201620000000,1.85299e+21,196.69,-89.528,3684.01,3.219,-0.0617,23.996
B,453.274,4039000000,2.45458e+22,9979400000000,140.312,6265800000000,4.27975e+21,159.167,-742.79,2668.6,3.011,-0.3488,10.699
B,330.547,4944100000,6.01896e+22,6738150000000,83.429,1788770000000,3.83148e+21,195.097,-389.43,7298.23,3.302,-0.1494,41.723
B,26.477,1021300000,7.49059e+20,368450000000,12.193,275278000000,1.86234e+20,9.81402,-9.2336,2420.74,2.946,-0.0172,5.15
B,487.186,3863200000,4.79623e+22,10282700000000,50.024,1761570000000,3.33132e+21,113.35,-438.15,6530.75,3.926,-0.2151,30.796
C,643.221,17953000000,1.35095e+23,15816000000000,51.695,3405460000000,1.23808e+22,454.953,-1439.4,4823.15,3.499,-0.1521,18.297
C,3682.7,78366000000,1.17605e+24,75981200000000,564.05,28277100000000,5.18537e+22,2855.27,-4282.9,10551.8,4.562,-0.1037,38.207
C,1665.42,34128000000,2.73674e+23,36560800000000,77.306,11427400000000,1.95297e+22,2102.57,-1090.6,6133.85,3.555,-0.0606,29.498
C,774.608,9164600000,5.1211e+22,19779700000000,232.137,9882780000000,8.46056e+21,606.982,-456.73,2131.75,3.548,-0.0945,18.05
C,1566.5,26218000000,9.93526e+22,39840900000000,29.958,2201790000000,2.05991e+22,1203.5,-1149.3,1932.31,2.897,-0.0832,12.494
C,1923.94,37780000000,2.04559e+23,40300600000000,43.793,3412340000000,3.31746e+22,903.346,-7848.0,3044.98,3.977,-0.394,11.602
C,942.576,12783000000,9.57672e+22,17148400000000,37.278,1763990000000,7.81806e+21,467.842,-215.93,5727.22,4.194,-0.032,25.375
C,604.523,9957700000,5.96719e+22,14829700000000,110.621,4870730000000,6.90417e+21,219.378,-375.82,3339.69,3.716,-0.0716,19.897
C,756.752,10217000000,9.27445e+22,14622500000000,63.152,2994900000000,6.77002e+21,453.705,-432.13,6340.61,3.852,-0.0802,29.217
C,567.414,18562000000,1.60699e+23,11668900000000,95.87,5741650000000,1.29885e+22,287.299,-2805.2,6106.38,3.846,-0.2867,26.892
C,401.217,15755000000,5.09488e+22,7343530000000,29.594,1172830000000,8.79981e+21,169.025,-3271.6,2982.96,3.114,-0.3939,10.536
C,1238.03,32659000000,4.51152e+23,25418300000000,202.564,4385800000000,2.07536e+22,993.643,-2356.4,10886.8,3.526,-0.1369,30.768
C,1507.8,18022000000,1.41962e+23,30613500000000,90.531,3738450000000,1.53107e+22,975.532,-2051.8,4289.9,4.038,-0.216,21.623
C,683.767,13552000000,7.33367e+22,15202100000000,18.404,1588860000000,1.08554e+22,239.471,-1461.9,3019.72,4.003,-0.2046,13.556
C,1598.96,30939000000,4.45803e+23,33530200000000,52.686,562303000000,2.67284e+22,1068.04,-3946.6,8059.82,3.841,-0.242,36.596
C,409.589,6134600000,2.51789e+22,8244290000000,9.094,2841820000000,4.39819e+21,415.925,-494.85,2798.85,2.552,-0.153,9.876
C,317.244,5605300000,2.77279e+22,6323600000000,41.928,1104850000000,4.64121e+21,111.148,-1043.2,2804.77,3.528,-0.353,13.958
C,2552.11,42388000000,4.16068e+23,55907900000000,38.613,4065830000000,3.80373e+22,1123.3,-6841.7,4834.93,4.452,-0.3062,23.343
C,289.006,4880700000,1.65686e+22,6154040000000,20.07,2566410000000,3.37372e+21,353.567,-208.08,2243.47,2.896,-0.0809,8.326
C,1873.99,36514000000,2.39323e+23,43483300000000,74.367,5295490000000,2.96516e+22,1546.47,-4762.6,3609.63,3.671,-0.2474,16.159
C,2392.56,49349000000,9.86412e+23,45570200000000,99.534,5502570000000,2.90934e+22,1411.73,-1446.0,16796.1,4.024,-0.0556,60.043
C,877.491,11930000000,1.38126e+23,20366700000000,158.832,6673210000000,1.02947e+22,394.869,-941.64,5381.45,4.262,-0.1497,33.171
C,1447.23,24502000000,2.35835e+23,35205700000000,157.227,7022220000000,1.72683e+22,1113.41,175.81,5028.34,4.011,0.0136,33.741
C,850.745,16003000000,8.70788e+22,19435800000000,1.338,1621490000000,1.93449e+22,373.507,-3804.2,2020.62,3.336,-0.4509,5.988
C,565.104,8150600000,5.43779e+22,11161500000000,92.276,4086560000000,8.17747e+21,314.428,-1588.4,3418.71,3.706,-0.3697,12.157
C,913.378,12084000000,1.19303e+23,22488500000000,8.736,1164740000000,1.20993e+22,619.709,-1354.5,3902.06,3.507,-0.2126,31.678
C,996.058,14087000000,2.10081e+23,22333400000000,37.686,1500420000000,1.02349e+22,414.054,-809.07,8492.4,4.218,-0.1089,50.98
C,990.419,12819000000,2.07752e+23,19290500000000,519.629,24309900000000,8.36728e+21,345.62,167.87,10517.3,4.268,0.0248,52.83
C,175.55,4096000000,1.69105e+22,4493410000000,33.89,2022580000000,1.77491e+21,63.6814,-124.22,3584.85,3.159,-0.0575,33.53
C,1700.28,30367000000,2.97814e+23,34406600000000,56.546,2512960000000,3.00775e+22,987.909,-5671.2,4917.22,3.905,-0.3542,17.222
C,1117.97,18451000000,2.37424e+23,28229800000000,274.943,11121600000000,1.41451e+22,603.709,-903.45,6146.73,3.923,-0.0929,40.877
C,990.611,20195000000,1.09102e+23,20809400000000,55.338,1823700000000,1.76904e+22,634.437,-3456.7,2829.23,3.448,-0.3247,10.903
C,2276.14,37187000000,3.40564e+23,41327200000000,242.069,5373510000000,3.45657e+22,1019.67,-7294.8,5200.99,4.504,-0.3721,18.643
C,939.032,15053000000,1.12505e+23,19528500000000,79.471,3149260000000,1.46971e+22,526.316,-2827.5,3835.16,3.923,-0.3563,14.537
C,701.634,7662900000,7.0804e+22,14886000000000,141.687,7980990000000,7.37464e+21,414.381,-912.56,4219.59,3.799,-0.2259,22.58
C,908.404,18015000000,1.29576e+23,21081400000000,15.285,1307590000000,1.69368e+22,405.882,-3143.0,3464.57,3.913,-0.3309,15.453
C,784.957,11587000000,1.73506e+23,16941700000000,125.953,2505610000000,7.57139e+21,407.945,-342.81,9405.88,3.784,-0.0561,51.62
C,941.329,16055000000,1.58211e+23,15843100000000,114.506,3246980000000,1.30727e+22,344.171,-3202.0,6618.74,4.065,-0.3783,20.012
C,281.818,3482500000,3.41753e+22,5814790000000,134.517,3886290000000,2.11938e+21,115.978,232.79,5663.19,3.75,0.1268,45.995
C,3672.28,52633000000,5.49199e+23,88370200000000,455.642,24857400000000,5.2634e+22,2395.02,-5763.8,4288.63,4.45,-0.2077,26.647
C,515.019,6552200000,5.7851e+22,10421800000000,12.704,1402210000000,4.33103e+21,282.85,-437.92,5826.01,3.313,-0.1268,34.947
C,2804.54,42136000000,5.40089e+23,69886700000000,36.85,9800650000000,3.15802e+22,1864.76,-945.43,6631.34,4.46,-0.0426,40.426
C,1642.62,27568000000,2.68848e+23,27719300000000,92.616,3367720000000,2.61366e+22,623.386,-5301.3,5552.21,4.374,-0.3648,19.92
C,747.326,12319000000,4.14993e+22,19691800000000,95.799,4695530000000,9.45066e+21,893.715,-82.999,1693.96,2.818,-0.0128,11.427
C,301.811,3612800000,2.49962e+22,5924310000000,6.859,772015000000,2.18987e+21,121.433,36.867,4554.03,3.544,0.0194,37.769
C,982.575,16326000000,2.20702e+23,17986100000000,95.555,4795810000000,1.21947e+22,405.336,-1872.8,9862.06,4.277,-0.2176,38.615
C,576.536,10096000000,4.38991e+22,11953000000000,51.966,2008250000000,1.05993e+22,289.232,-2230.3,2051.48,3.448,-0.419,2.836
C,1614.43,43132000000,2.58613e+23,35494800000000,473.982,22049500000000,2.56358e+22,705.792,-4906.5,4390.02,4.037,-0.2158,17.889
C,1689.81,22889000000,1.79021e+23,32089800000000,77.232,1172840000000,2.05374e+22,969.815,-3416.5,4425.5,4.107,-0.2831,17.324
C,2604.99,41274000000,7.11324e+23,55895800000000,148.736,8981270000000,2.79981e+22,1474.62,-1625.0,11099.3,4.441,-0.0747,52.9
C,2339.43,29788000000,2.83211e+23,49731000000000,300.017,13320700000000,2.9471e+22,1668.11,-3971.3,4379.47,4.262,-0.2529,21.06
C,483.762,5417700000,4.60606e+22,10773900000000,57.591,2119130000000,4.18261e+21,288.849,-454.13,4323.49,3.113,-0.159,37.123
C,1359.41,26760000000,3.32058e+23,29583400000000,169.774,9216850000000,1.65926e+22,1192.91,-884.72,8692.95,3.498,-0.0627,37.298
C,232.175,3496000000,1.96694e+22,4789290000000,12.009,414192000000,2.40179e+21,137.962,33.001,3315.59,1.964,0.0179,30.625
C,1680.57,34408000000,4.21956e+23,34679400000000,40.321,8698580000000,2.52135e+22,991.762,-3402.0,8269.63,3.878,-0.1876,29.583
C,1069.14,30173000000,1.60048e+23,20807900000000,16.863,2933100000000,2.02138e+22,518.653,-6947.3,4100.93,3.68,-0.4367,16.688
C,831.543,23917000000,1.5303e+23,15948100000000,4.35,1279080000000,1.93571e+22,391.638,-4872.2,3732.0,3.77,-0.3864,14.552
C,1096.24,17887000000,3.30119e+23,21496800000000,101.48,2419750000000,1.06823e+22,418.522,-418.42,15276.2,4.064,-0.0444,58.333
C,1867.94,47860000000,3.02957e+23,38001500000000,149.722,8084760000000,4.13295e+22,711.038,-11104.0,3461.65,3.885,-0.4401,15.98
C,120.615,7384700000,6.47728e+21,2170900000000,23.575,1172040000000,1.71223e+21,33.5168,-1516.9,2118.72,1.954,-0.3896,6.386
C,1058.63,23860000000,3.43967e+23,22468300000000,170.393,1985680000000,1.76943e+22,745.308,-2260.6,9256.72,3.315,-0.1797,34.149
C,1226.13,12980000000,1.17031e+23,30523800000000,42.508,4874560000000,1.49318e+22,796.695,-1771.6,2892.03,3.78,-0.2589,26.13
C,494.455,7242800000,4.15978e+22,12208100000000,29.167,109878000000,8.52217e+21,249.88,-1409.3,2041.49,3.591,-0.3691,9.985
C,2017.55,26218000000,2.68121e+23,47582100000000,466.913,18495500000000,2.50606e+22,1263.95,-2192.9,4620.79,4.147,-0.1587,20.491
C,761.056,21473000000,3.34025e+23,18874000000000,68.43,2950600000000,1.17376e+22,539.363,286.76,12328.0,3.282,0.0253,46.069
C,1161.6,15245000000,2.15877e+23,21615500000000,327.192,16987000000000,1.17051e+22,409.596,-1585.8,10067.1,4.42,-0.1973,36.323
C,2180.73,41638000000,4.63905e+23,48915200000000,19.345,3990550000000,3.88602e+22,1077.73,-6009.5,5379.37,4.385,-0.2738,23.68
C,181.387,2590000000,1.37545e+22,4341850000000,29.055,1427030000000,1.72021e+21,105.721,113.24,3007.24,2.946,0.0829,23.693
C,1927.01,41230000000,1.77759e+23,37453400000000,413.183,20323700000000,2.56471e+22,1206.35,-5269.5,3453.12,4.328,-0.2424,10.949
C,570.116,9310400000,5.0678e+22,11329200000000,99.181,3769540000000,7.26501e+21,310.465,-902.89,3374.29,3.761,-0.184,13.335
C,2450.05,40514000000,5.47276e+23,49593800000000,457.301,18384300000000,2.95179e+22,1308.59,-3174.3,8512.35,4.543,-0.1486,34.236
C,1373.19,20201000000,1.44734e+23,29657200000000,61.353,4056450000000,1.90742e+22,910.921,-3017.9,3479.54,4.165,-0.2834,12.321
C,793.791,16534000000,2.23321e+23,17220100000000,49.497,3066360000000,1.14008e+22,640.995,-856.75,9187.44,3.518,-0.0983,43.091
C,462.022,7656500000,9.49154e+22,11083200000000,30.376,1506630000000,6.23921e+21,308.868,-473.4,6334.31,3.27,-0.1173,38.252
C,576.309,10841000000,1.13128e+23,13878200000000,111.115,2760220000000,7.17257e+21,454.442,-24.748,6191.15,3.274,-0.0043,35.17
C,1032.78,16854000000,1.66596e+23,22497800000000,17.513,2394270000000,1.66439e+22,492.364,-2954.5,4555.5,3.601,-0.3325,24.044
C,1401.35,13959000000,1.3258e+23,33528300000000,65.605,3676170000000,1.54821e+22,933.343,-1902.1,3357.82,4.142,-0.2585,22.142
C,1519.6,29236000000,1.01968e+23,33401000000000,7.371,10801100000000,2.61668e+22,1408.37,-4431.8,1839.99,2.189,-0.2875,3.489
C,1372.47,32523000000,2.15757e+23,29819000000000,95.932,4110850000000,3.34545e+22,821.698,-7171.8,3060.93,3.713,-0.4183,8.959
C,791.697,12476000000,1.57723e+23,15697500000000,47.155,2166850000000,9.94358e+21,397.869,-1269.0,7916.0,3.82,-0.1929,39.839
C,2136.94,30539000000,3.86096e+23,48850900000000,391.346,21528900000000,2.51654e+22,1320.98,-2371.6,6468.9,4.246,-0.1473,32.319
C,4040.81,66763000000,1.10875e+24,73492800000000,35.604,5958150000000,4.89211e+22,1576.74,-7002.4,12042.5,4.933,-0.1989,40.723
C,224.519,7686600000,1.14902e+23,5950380000000,19.293,2126520000000,4.0112e+21,244.718,120.53,12409.6,2.126,0.0297,51.979
C,1162.73,18795000000,3.05808e+23,24938400000000,136.818,8000310000000,1.26475e+22,633.024,-873.83,10682.9,3.983,-0.0882,50.109
C,253.756,5681400000,3.02616e+22,5100570000000,56.111,1634150000000,3.4268e+21,91.4667,-531.19,4387.94,3.55,-0.1773,24.36
C,584.788,18910000000,4.11167e+22,14148200000000,38.993,1804330000000,1.33895e+22,310.25,-3972.5,1320.05,3.096,-0.3985,3.01
C,1122.62,20644000000,1.53542e+23,21867600000000,260.483,13935500000000,1.70781e+22,377.544,-3956.2,4629.06,4.27,-0.3635,17.245
C,749.699,10757000000,4.91523e+22,18678500000000,196.34,8128240000000,1.08999e+22,545.753,-1020.6,1699.94,3.474,-0.18,9.641
C,601.509,13932000000,2.31173e+23,15511200000000,98.957,573341000000,9.52461e+21,425.692,-531.16,9730.05,2.5,-0.0723,47.149
C,907.566,13859000000,2.22658e+23,18806000000000,216.808,7799540000000,1.04598e+22,435.911,-859.87,9935.31,4.079,-0.1177,46.519
C,1035.04,17729000000,1.33311e+23,23509100000000,217.822,6423100000000,1.19906e+22,598.752,132.07,4555.96,4.11,0.0141,24.323
C,786.338,15138000000,9.32444e+22,15494100000000,9.73,2035760000000,1.46492e+22,418.224,-3243.2,3180.6,3.675,-0.4064,11.094
C,1302.25,19530000000,1.692e+23,27952900000000,301.272,12582900000000,2.3643e+22,518.373,-4337.8,3205.09,3.857,-0.4213,16.11
C,719.485,15299000000,1.30815e+23,19832100000000,35.071,830161000000,1.27389e+22,374.577,-1746.8,4021.82,3.446,-0.2166,23.355
C,1054.2,12723000000,1.47357e+23,18929000000000,453.732,16848700000000,1.21358e+22,323.093,-1907.2,5765.54,4.327,-0.2844,18.498
C,4553.1,61924000000,9.2021e+23,103411000000000,188.818,14295200000000,5.02523e+22,2875.85,-3224.5,7423.06,4.625,-0.0988,41.788
C,626.737,23978000000,8.27382e+22,13175000000000,84.853,3894520000000,1.18256e+22,317.962,-4132.9,3319.52,3.768,-0.327,12.393
C,853.691,17676000000,1.02384e+23,18995400000000,43.677,2207470000000,1.95578e+22,342.267,-4383.9,2394.3,3.559,-0.4705,9.913
C,1260.15,22420000000,3.96938e+23,28278800000000,19.381,7026500000000,1.47865e+22,575.3,-837.03,12251.6,4.413,-0.0708,52.75
C,3866.61,66452000000,7.56264e+23,90302000000000,380.73,16302500000000,5.22498e+22,2373.28,-4115.3,6263.97,4.527,-0.1175,30.084
C,342.177,5385200000,3.30893e+22,7740940000000,81.987,2507430000000,3.90013e+21,152.813,-556.58,3547.24,3.718,-0.1961,27.292
C,1154.39,18023000000,2.79567e+23,25874300000000,151.611,6682580000000,1.30341e+22,538.576,-697.25,9479.02,4.042,-0.0734,51.49
C,2105.2,45959000000,3.47981e+23,47298600000000,257.745,13895200000000,3.25487e+22,1132.26,-3947.6,4907.58,4.306,-0.1629,24.841
C,939.359,11088000000,1.61925e+23,18035300000000,263.122,4696110000000,8.92176e+21,483.42,-1022.1,8553.3,3.962,-0.1749,42.792
C,2107.56,41319000000,5.91949e+23,49117500000000,8.696,6035180000000,2.88855e+22,1365.02,-1918.6,9413.32,4.017,-0.0881,43.718
C,421.875,5206000000,3.99375e+22,8764570000000,12.898,1683590000000,4.8763e+21,179.025,-794.04,3834.3,3.298,-0.2893,20.235
C,912.643,11452000000,9.71431e+22,21944900000000,38.079,2860760000000,1.21465e+22,603.429,-1300.3,3266.39,3.773,-0.2154,19.161
C,2186.82,30333000000,4.40447e+23,44276600000000,407.606,13237200000000,1.92482e+22,957.641,-1242.3,10357.9,4.375,-0.0777,48.827
C,915.275,16958000000,1.23372e+23,19609800000000,331.986,16818600000000,9.49901e+21,334.485,-1412.8,5553.43,4.082,-0.158,29.214
C,3620.87,69522000000,6.51114e+23,84953500000000,229.59,12573000000000,6.08258e+22,2013.28,-8211.7,4872.74,4.259,-0.2241,20.948
C,1419.96,20810000000,1.75043e+23,32018300000000,84.586,6846170000000,1.84114e+22,667.607,-2001.7,3906.61,4.229,-0.1825,18.293
C,2053.07,30776000000,2.56303e+23,48329700000000,226.712,12593200000000,3.65627e+22,1007.71,-6468.5,2923.07,4.004,-0.3987,14.537
C,826.264,11859000000,9.88186e+22,19580900000000,76.474,3107260000000,1.33875e+22,433.701,-2256.4,3324.21,3.717,-0.3609,17.999
C,436.263,7555100000,1.12785e+23,10451700000000,12.464,1056600000000,4.62165e+21,181.663,-210.84,10440.8,3.611,-0.0529,52.901
C,640.699,10633000000,9.59211e+22,13203700000000,102.108,2920190000000,7.30115e+21,498.142,-576.69,6304.21,3.612,-0.1029,30.837
C,2213.91,41388000000,4.7504e+23,54695000000000,464.881,17582500000000,3.55076e+22,1135.31,-3962.1,5866.61,4.248,-0.1816,28.195
C,413.538,9936600000,9.65041e+22,8885980000000,96.491,1865640000000,6.6411e+21,269.891,-967.44,7051.56,3.202,-0.1847,28.637
C,3033.4,48785000000,7.81435e+23,58329500000000,482.38,8832280000000,3.23491e+22,1321.16,-3112.8,11821.9,4.573,-0.121,49.386
C,1566.89,26066000000,1.6455e+23,44429300000000,49.615,4832770000000,2.85612e+22,1095.77,-3009.4,2146.38,3.589,-0.219,13.346
C,1448.27,20074000000,1.37986e+23,36518900000000,74.692,1940440000000,2.72759e+22,809.698,-4626.3,2088.64,3.861,-0.4371,13.209
C,1087.13,17705000000,2.22946e+23,21480000000000,183.002,7865280000000,1.27279e+22,350.707,-1818.6,8562.01,4.171,-0.1948,33.1
C,2633.57,43175000000,2.95463e+23,57504300000000,202.459,10829400000000,3.70945e+22,1901.27,-5300.7,3560.7,4.442,-0.2329,15.612
C,2422.54,28678000000,3.08886e+23,54204000000000,411.535,12795700000000,2.66076e+22,1583.03,-2038.1,4846.47,4.228,-0.1348,27.347
C,1577.95,24846000000,2.67636e+23,36837000000000,51.779,1422190000000,2.32706e+22,686.46,-3121.4,5077.77,4.077,-0.2383,26.086
C,233.493,4382000000,1.94125e+22,4113530000000,43.644,2168580000000,3.02727e+21,68.86,-898.58,3286.27,3.521,-0.389,12.32
C,1186.15,22041000000,1.40705e+23,23816000000000,197.109,11110200000000,1.77033e+22,545.542,-4023.8,3793.79,4.037,-0.3463,15.619
C,570.932,7498500000,6.62226e+22,13559200000000,10.524,969030000000,6.72824e+21,439.514,-652.23,3922.96,3.144,-0.165,28.228
C,793.83,15277000000,5.32782e+22,19614500000000,25.13,4403690000000,1.08969e+22,670.627,-1016.7,2024.62,3.366,-0.1262,10.79
C,731.581,19415000000,1.29582e+23,15813400000000,83.688,2133060000000,1.20844e+22,478.248,-2370.3,5174.13,3.275,-0.2316,19.901
C,1751.14,26773000000,1.5341e+23,36801700000000,110.352,11433000000000,2.40968e+22,924.69,-4784.9,2971.85,4.144,-0.339,13.656
C,2106.75,26989000000,2.70964e+23,45637500000000,423.453,19178100000000,2.20962e+22,1228.04,-1606.3,5275.84,4.289,-0.1129,29.108
C,2884.17,86466000000,7.03125e+23,61966400000000,20.729,2346930000000,4.77774e+22,1971.83,-8617.7,7100.91,4.162,-0.1891,25.083
C,1096.78,19007000000,9.95774e+22,22854300000000,57.758,944048000000,1.38261e+22,919.237,-1498.3,3400.48,4.082,-0.1495,12.658
C,974.83,21174000000,1.3635e+23,17120500000000,208.152,11176100000000,1.43834e+22,1120.08,-2166.7,5343.22,3.745,-0.1941,15.774
C,1691.18,25882000000,3.40424e+23,40755600000000,195.509,7922230000000,2.8118e+22,928.227,-3788.3,5174.92,4.231,-0.2776,27.563
C,1030.38,18377000000,1.94405e+23,19503200000000,44.663,2028920000000,1.60954e+22,464.566,-2918.9,6409.67,3.923,-0.3013,23.286
C,620.771,16112000000,4.5167e+22,13746200000000,160.269,7912980000000,1.41392e+22,170.918,-4736.1,1461.23,3.521,-0.5576,5.104
C,743.245,13725000000,1.47555e+23,16082100000000,73.285,5426240000000,9.22557e+21,353.352,-779.43,7435.87,4.088,-0.1077,39.185
C,4281.35,67987000000,8.33826e+23,95769800000000,159.449,5162270000000,5.59649e+22,2624.2,-3614.3,6302.36,4.613,-0.1008,28.577
C,684.895,11087000000,1.64718e+23,15992900000000,108.878,5275410000000,7.95074e+21,365.562,-343.34,8433.42,3.96,-0.0587,49.643
C,3871.27,58704000000,1.0708e+24,66559100000000,1102.64,28864400000000,3.65797e+22,1232.92,-3296.2,14386.1,4.909,-0.1065,48.315
C,1551.75,24716000000,2.31681e+23,33856400000000,245.392,14476000000000,2.53091e+22,649.013,-4553.9,4149.29,4.116,-0.3495,16.556
